Title,Author,Publication Title,DOI,Url
Living with Harmful Algal Blooms in a Changing World,"Anderson, Clarissa R.; Moore, Stephanie K.; Tomlinson, Michelle C.; Silke, Joe; Cusack, Caroline K.","Coastal and Marine Hazards, Risks, and Disasters",,https://linkinghub.elsevier.com/retrieve/pii/B9780123964830000170
Capitalizing on harmful algal blooms: From problems to products,"Corcoran, Alina A.; Hunt, Ryan W.",Algal Research,10.1016/j.algal.2021.102265,https://linkinghub.elsevier.com/retrieve/pii/S2211926421000849
Perceived Intensification in Harmful Algal Blooms Is a Wave of Cumulative Threat to the Aquatic Ecosystems,"Kazmi, Syed Shabi Ul Hassan; Yapa, Neelamanie; Karunarathna, Samantha C.; Suwannarach, Nakarin",Biology,10.3390/biology11060852,https://www.mdpi.com/2079-7737/11/6/852
Harmful algal blooms under changing climate and constantly increasing anthropogenic actions: the review of management implications,"Nwankwegu, Amechi S.; Li, Yiping; Huang, Yanan; Wei, Jin; Norgbey, Eyram; Sarpong, Linda; Lai, Qiuying; Wang, Kai",3 Biotech,10.1007/s13205-019-1976-1,http://link.springer.com/10.1007/s13205-019-1976-1
Microorganisms-based methods for harmful algal blooms control: A review,"Sun, Rui; Sun, Pengfei; Zhang, Jianhong; Esquivel-Elizondo, Sofia; Wu, Yonghong",Bioresource Technology,10.1016/j.biortech.2017.07.175,https://linkinghub.elsevier.com/retrieve/pii/S0960852417312919
Aquaculture in coastal urbanized areas: A comparative review of the challenges posed by Harmful Algal Blooms,"Trottet, Aurore; George, Christaline; Drillet, Guillaume; Lauro, Federico M.",Critical Reviews in Environmental Science and Technology,10.1080/10643389.2021.1897372,https://www.tandfonline.com/doi/full/10.1080/10643389.2021.1897372
"A review on monitoring, forecasting, and early warning of harmful algal bloom","Zahir, Muhammad; Su, Yuping; Shahzad, Muhammad Imran; Ayub, Gohar; Rahman, Sami Ur; Ijaz, Jehangir",Aquaculture,10.1016/j.aquaculture.2024.741351,https://linkinghub.elsevier.com/retrieve/pii/S0044848624008123
Scaling Up From Regional Case Studies to a Global Harmful Algal Bloom Observing System,"Anderson, Clarissa R.; Berdalet, Elisa; Kudela, Raphael M.; Cusack, Caroline K.; Silke, Joe; O’Rourke, Eleanor; Dugan, Darcy; McCammon, Molly; Newton, Jan A.; Moore, Stephanie K.; Paige, Kelli; Ruberg, Steve; Morrison, John R.; Kirkpatrick, Barbara; Hubbard, Katherine; Morell, Julio",Frontiers in Marine Science,10.3389/fmars.2019.00250,https://www.frontiersin.org/article/10.3389/fmars.2019.00250/full
Methods to control harmful algal blooms: a review,"Balaji-Prasath, Barathan; Wang, Ying; Su, Yu Ping; Hamilton, David P.; Lin, Hong; Zheng, Luwei; Zhang, Yong",Environmental Chemistry Letters,10.1007/s10311-022-01457-2,https://link.springer.com/10.1007/s10311-022-01457-2
Are harmful algal blooms becoming the greatest inland water quality threat to public health and aquatic ecosystems?,"Brooks, Bryan W.; Lazorchak, James M.; Howard, Meredith D.A.; Johnson, Mari-Vaughn V.; Morton, Steve L.; Perkins, Dawn A.K.; Reavie, Euan D.; Scott, Geoffrey I.; Smith, Stephanie A.; Steevens, Jeffery A.",Environmental Toxicology and Chemistry,10.1002/etc.3220,https://academic.oup.com/etc/article/35/1/6/7741904
Expert insights on managing harmful algal blooms,"Goodrich, Sarah; Canfield, Katherine Nicole; Mulvaney, Kate",Frontiers in Freshwater Science,10.3389/ffwsc.2024.1452344,https://www.frontiersin.org/articles/10.3389/ffwsc.2024.1452344/full
"Florida’s Harmful Algal Bloom (HAB) Problem: Escalating Risks to Human, Environmental and Economic Health With Climate Change","Heil, Cynthia Ann; Muni-Morgan, Amanda Lorraine",Frontiers in Ecology and Evolution,10.3389/fevo.2021.646080,https://www.frontiersin.org/articles/10.3389/fevo.2021.646080/full
Harmful algal blooms and environmentally friendly control strategies in Japan,"Imai, Ichiro; Inaba, Nobuharu; Yamamoto, Keigo",Fisheries Science,10.1007/s12562-021-01524-7,https://link.springer.com/10.1007/s12562-021-01524-7
"Causes, Human Health Impacts and Control of Harmful Algal Blooms: A Comprehensive Review","Centre for Environment and Natural Resource Management, F-4, Models Exotica, St Inez, Panaji- Goa, 403001, India; Sonak, Sangeeta; Patil, Kavita; The Energy and Resources Institute, Alto-St Cruz, Bambolim, Goa, 403 202, India; Devi, Prabha; Bioorganic Chemistry Lab, National Institute of Oceanography, CSIR, Dona Paula, Goa, India",Environmental Pollution and Protection,10.22606/epp.2018.31004,http://www.isaacpub.org/images/PaperPDF/EPP_100040_2018032910383000287.pdf
Mediterranean alien harmful algal blooms: origins and impacts,"Marampouti, Christina; Buma, Anita G. J.; De Boer, M. Karin",Environmental Science and Pollution Research,10.1007/s11356-020-10383-1,https://link.springer.com/10.1007/s11356-020-10383-1
"Harmful algal blooms and shellfish in the marine environment: an overview of the main molluscan responses, toxin dynamics, and risks for human health","Neves, Raquel A. F.; Nascimento, Silvia M.; Santos, Luciano N.",Environmental Science and Pollution Research,10.1007/s11356-021-16256-5,https://link.springer.com/10.1007/s11356-021-16256-5
Considerations in Harmful Algal Bloom Research and Monitoring: Perspectives From a Consensus-Building Workshop and Technology Testing,"Stauffer, Beth A.; Bowers, Holly A.; Buckley, Earle; Davis, Timothy W.; Johengen, Thomas H.; Kudela, Raphael; McManus, Margaret A.; Purcell, Heidi; Smith, G. Jason; Vander Woude, Andrea; Tamburri, Mario N.",Frontiers in Marine Science,10.3389/fmars.2019.00399,https://www.frontiersin.org/article/10.3389/fmars.2019.00399/full
Harmful algal blooms and eutrophication along the mexican coast of the Gulf of Mexico large marine ecosystem,"Ulloa, Marco J.; Álvarez-Torres, Porfirio; Horak-Romo, Karla P.; Ortega-Izaguirre, Rogelio",Environmental Development,10.1016/j.envdev.2016.10.007,https://linkinghub.elsevier.com/retrieve/pii/S2211464516302287
A review on drone-based harmful algae blooms monitoring,"Wu, Di; Li, Ruopu; Zhang, Feiyang; Liu, Jia",Environmental Monitoring and Assessment,10.1007/s10661-019-7365-8,http://link.springer.com/10.1007/s10661-019-7365-8
Global solutions to regional problems: Collecting global expertise to address the problem of harmful cyanobacterial blooms. A Lake Erie case study,"Bullerjahn, George S.; McKay, Robert M.; Davis, Timothy W.; Baker, David B.; Boyer, Gregory L.; D’Anglada, Lesley V.; Doucette, Gregory J.; Ho, Jeff C.; Irwin, Elena G.; Kling, Catherine L.; Kudela, Raphael M.; Kurmayer, Rainer; Michalak, Anna M.; Ortiz, Joseph D.; Otten, Timothy G.; Paerl, Hans W.; Qin, Boqiang; Sohngen, Brent L.; Stumpf, Richard P.; Visser, Petra M.; Wilhelm, Steven W.",Harmful Algae,10.1016/j.hal.2016.01.003,https://linkinghub.elsevier.com/retrieve/pii/S1568988315301657
Health impacts from cyanobacteria harmful algae blooms: Implications for the North American Great Lakes,"Carmichael, Wayne W.; Boyer, Gregory L.",Harmful Algae,10.1016/j.hal.2016.02.002,https://linkinghub.elsevier.com/retrieve/pii/S1568988316300300
Examining harmful algal blooms through a disaster risk management lens: A case study of the 2015 U.S. West Coast domoic acid event,"Ekstrom, Julia A.; Moore, Stephanie K.; Klinger, Terrie",Harmful Algae,10.1016/j.hal.2020.101740,https://linkinghub.elsevier.com/retrieve/pii/S1568988320300019
"Life histories of microalgal species causing harmful blooms: Haploids, diploids and the relevance of benthic stages","Figueroa, Rosa Isabel; Estrada, Marta; Garcés, Esther",Harmful Algae,10.1016/j.hal.2018.01.006,https://linkinghub.elsevier.com/retrieve/pii/S156898831830012X
Overview of Harmful Algal Blooms in Asia,"Furuya, Ken; Iwataki, Mitsunori; Lim, Po Teen; Lu, Songhui; Leaw, Chui-Pin; Azanza, Rhodora V.; Kim, Hak-Gyoon; Fukuyo, Yasuwo",Global Ecology and Oceanography of Harmful Algal Blooms,,http://link.springer.com/10.1007/978-3-319-70069-4_14
Harmful algae at the complex nexus of eutrophication and climate change,"Glibert, Patricia M.",Harmful Algae,10.1016/j.hal.2019.03.001,https://linkinghub.elsevier.com/retrieve/pii/S1568988319300277
Key Questions and Recent Research Advances on Harmful Algal Blooms in Relation to Nutrients and Eutrophication,"Glibert, Patricia M.; Al-Azri, Adnan; Icarus Allen, J.; Bouwman, Alexander F.; Beusen, Arthur H. W.; Burford, Michele A.; Harrison, Paul J.; Zhou, Mingjiang",Global Ecology and Oceanography of Harmful Algal Blooms,,http://link.springer.com/10.1007/978-3-319-70069-4_12
Climate Change and Harmful Algal Blooms: Insights and perspective,"Gobler, Christopher J.",Harmful Algae,10.1016/j.hal.2019.101731,https://linkinghub.elsevier.com/retrieve/pii/S1568988319302045
Harmful algal blooms and public health,"Grattan, Lynn M.; Holobaugh, Sailor; Morris, J. Glenn",Harmful Algae,10.1016/j.hal.2016.05.003,https://linkinghub.elsevier.com/retrieve/pii/S1568988316301664
Harmful algal blooms: A climate change co-stressor in marine and freshwater ecosystems,"Griffith, Andrew W.; Gobler, Christopher J.",Harmful Algae,10.1016/j.hal.2019.03.008,https://linkinghub.elsevier.com/retrieve/pii/S1568988319300344
Emerging harmful algal bloom species over the last four decades in China,"Gu, Haifeng; Wu, Yiran; Lü, Songhui; Lu, Douding; Tang, Ying Zhong; Qi, Yuzao",Harmful Algae,10.1016/j.hal.2021.102059,https://linkinghub.elsevier.com/retrieve/pii/S1568988321000895
Global harmful algal bloom status reporting,"Hallegraeff, Gustaaf; Enevoldsen, Henrik; Zingone, Adriana",Harmful Algae,10.1016/j.hal.2021.101992,https://linkinghub.elsevier.com/retrieve/pii/S1568988321000196
"Overview of Australian and New Zealand harmful algal species occurrences and their societal impacts in the period 1985 to 2018, including a compilation of historic records","Hallegraeff, Gustaaf M.; Schweibold, Laura; Jaffrezic, Enora; Rhodes, Lesley; MacKenzie, Lincoln; Hay, Brenda; Farrell, Hazel",Harmful Algae,10.1016/j.hal.2020.101848,https://linkinghub.elsevier.com/retrieve/pii/S156898832030127X
Progress and promise of omics for predicting the impacts of climate change on harmful algal blooms,"Hennon, Gwenn M.M.; Dyhrman, Sonya T.",Harmful Algae,10.1016/j.hal.2019.03.005,https://linkinghub.elsevier.com/retrieve/pii/S1568988319300319
"Cyanobacterial blooms in China: diversity, distribution, and cyanotoxins","Huo, Da; Gan, Nanqin; Geng, Ruozhen; Cao, Qi; Song, Lirong; Yu, Gongliang; Li, Renhui",Harmful Algae,10.1016/j.hal.2021.102106,https://linkinghub.elsevier.com/retrieve/pii/S1568988321001360
Harmful algal blooms and their effects in coastal seas of Northern Europe,"Karlson, Bengt; Andersen, Per; Arneborg, Lars; Cembella, Allan; Eikrem, Wenche; John, Uwe; West, Jennifer Joy; Klemm, Kerstin; Kobos, Justyna; Lehtinen, Sirpa; Lundholm, Nina; Mazur-Marzec, Hanna; Naustvoll, Lars; Poelman, Marnix; Provoost, Pieter; De Rijcke, Maarten; Suikkanen, Sanna",Harmful Algae,10.1016/j.hal.2021.101989,https://linkinghub.elsevier.com/retrieve/pii/S1568988321000160
A critical review on operation and performance of source water control strategies for cyanobacterial blooms: Part I-chemical control methods,"Kibuye, Faith A.; Zamyadi, Arash; Wert, Eric C.",Harmful Algae,10.1016/j.hal.2021.102099,https://linkinghub.elsevier.com/retrieve/pii/S1568988321001293
Three decades of Canadian marine harmful algal events: Phytoplankton and phycotoxins of concern to human and ecosystem health,"McKenzie, Cynthia H.; Bates, Stephen S.; Martin, Jennifer L.; Haigh, Nicola; Howland, Kimberly L.; Lewis, Nancy I.; Locke, Andrea; Peña, Angelica; Poulin, Michel; Rochon, André; Rourke, Wade A.; Scarratt, Michael G.; Starr, Michel; Wells, Terri",Harmful Algae,10.1016/j.hal.2020.101852,https://linkinghub.elsevier.com/retrieve/pii/S1568988320301311
A review of the socioecological causes and consequences of cyanobacterial blooms in Lake Victoria,"Olokotum, Mark; Mitroi, Veronica; Troussellier, Marc; Semyalo, Ronald; Bernard, Cécile; Montuelle, Bernard; Okello, William; Quiblier, Catherine; Humbert, Jean-François",Harmful Algae,10.1016/j.hal.2020.101829,https://linkinghub.elsevier.com/retrieve/pii/S1568988320301086
Mitigating cyanobacterial harmful algal blooms in aquatic ecosystems impacted by climate change and anthropogenic nutrients,"Paerl, Hans W.; Gardner, Wayne S.; Havens, Karl E.; Joyner, Alan R.; McCarthy, Mark J.; Newell, Silvia E.; Qin, Boqiang; Scott, J. Thad",Harmful Algae,10.1016/j.hal.2015.09.009,https://linkinghub.elsevier.com/retrieve/pii/S1568988315301049
Modeling Marine Harmful Algal Blooms: Current Status and Future Prospects,"Flynn, Kevin J.; McGillicuddy, Dennis J.",Harmful Algal Blooms,,https://onlinelibrary.wiley.com/doi/10.1002/9781118994672.ch3
Causes of Harmful Algal Blooms,"Glibert, Patricia M.; Burkholder, JoAnn M.",Harmful Algal Blooms,,https://onlinelibrary.wiley.com/doi/10.1002/9781118994672.ch1
Facilitating harmful algae removal in fresh water via joint effects of multi-species algicidal bacteria,"He, Lei; Lin, Ziyuan; Wang, Yingmu; He, Xuejie; Zhou, Jiong; Guan, Maoquan; Zhou, Jian",Journal of Hazardous Materials,10.1016/j.jhazmat.2020.123662,https://linkinghub.elsevier.com/retrieve/pii/S0304389420316484
Inactivation of harmful algae using photocatalysts: Mechanisms and performance,"He, Xinghou; Wu, Pian; Wang, Shanlin; Wang, Anzhi; Wang, Chunlei; Ding, Ping",Journal of Cleaner Production,10.1016/j.jclepro.2020.125755,https://linkinghub.elsevier.com/retrieve/pii/S0959652620358017
Integrative monitoring strategy for marine and freshwater harmful algal blooms and toxins across the freshwater-to-marine continuum,"Howard, Meredith D. A.; Smith, Jayme; Caron, David A.; Kudela, Raphael M.; Loftin, Keith; Hayashi, Kendra; Fadness, Rich; Fricke, Susan; Kann, Jacob; Roethler, Miranda; Tatters, Avery; Theroux, Susanna",Integrated Environmental Assessment and Management,10.1002/ieam.4651,https://academic.oup.com/ieam/article/19/3/586/7725322
Biotic control of harmful algal blooms (HABs): A brief review,"Pal, Mili; Yesankar, Prerna J.; Dwivedi, Ajay; Qureshi, Asifa",Journal of Environmental Management,10.1016/j.jenvman.2020.110687,https://linkinghub.elsevier.com/retrieve/pii/S0301479720306198
Phycotoxins by Harmful Algal Blooms (HABS) and Human Poisoning: An Overview,"Pulido, Olga M",International Clinical Pathology Journal,10.15406/icpjl.2016.02.00062,https://medcraveonline.com/ICPJL/phycotoxins-by-harmful-algal-blooms-habs-and-human-poisoning-an-overview.html
Modeling harmful algal blooms in a changing climate,"Ralston, David K.; Moore, Stephanie K.",Harmful Algae,10.1016/j.hal.2019.101729,https://linkinghub.elsevier.com/retrieve/pii/S1568988319302021
A critical review of operational strategies for the management of harmful algal blooms (HABs) in inland reservoirs,"Summers, Emily J.; Ryder, Jodi L.",Journal of Environmental Management,10.1016/j.jenvman.2022.117141,https://linkinghub.elsevier.com/retrieve/pii/S0301479722027141
Climate change and harmful benthic microalgae,"Tester, Patricia A.; Litaker, R. Wayne; Berdalet, Elisa",Harmful Algae,10.1016/j.hal.2019.101655,https://linkinghub.elsevier.com/retrieve/pii/S1568988319301283
Biochar-enhanced bioremediation of eutrophic waters impacted by algal blooms,"Vasseghian, Yasser; Nadagouda, Megha M.; Aminabhavi, Tejraj M.",Journal of Environmental Management,10.1016/j.jenvman.2024.122044,https://linkinghub.elsevier.com/retrieve/pii/S0301479724020309
How rising CO2 and global warming may stimulate harmful cyanobacterial blooms,"Visser, Petra M.; Verspagen, Jolanda M.H.; Sandrini, Giovanni; Stal, Lucas J.; Matthijs, Hans C.P.; Davis, Timothy W.; Paerl, Hans W.; Huisman, Jef",Harmful Algae,10.1016/j.hal.2015.12.006,https://linkinghub.elsevier.com/retrieve/pii/S1568988315301694
"Omics study of harmful algal blooms in China: Current status, challenges, and future perspectives","Wang, Dazhi; Zhang, Shufeng; Zhang, Hao; Lin, Senjie",Harmful Algae,10.1016/j.hal.2021.102079,https://linkinghub.elsevier.com/retrieve/pii/S1568988321001098
Research on the biology and ecology of the harmful algal bloom species Phaeocystis globosa in China: Progresses in the last 20 years,"Wang, Xiaodong; Song, Huiyin; Wang, Yan; Chen, Nansheng",Harmful Algae,10.1016/j.hal.2021.102057,https://linkinghub.elsevier.com/retrieve/pii/S1568988321000871
The re-eutrophication of Lake Erie: Harmful algal blooms and hypoxia,"Watson, Susan B.; Miller, Carol; Arhonditsis, George; Boyer, Gregory L.; Carmichael, Wayne; Charlton, Murray N.; Confesor, Remegio; Depew, David C.; Höök, Tomas O.; Ludsin, Stuart A.; Matisoff, Gerald; McElmurry, Shawn P.; Murray, Michael W.; Peter Richards, R.; Rao, Yerubandi R.; Steffen, Morgan M.; Wilhelm, Steven W.",Harmful Algae,10.1016/j.hal.2016.04.010,https://linkinghub.elsevier.com/retrieve/pii/S1568988315301141
Harmful algal blooms and climate change: Learning from the past and present to forecast the future,"Wells, Mark L.; Trainer, Vera L.; Smayda, Theodore J.; Karlson, Bengt S.O.; Trick, Charles G.; Kudela, Raphael M.; Ishikawa, Akira; Bernard, Stewart; Wulff, Angela; Anderson, Donald M.; Cochlan, William P.",Harmful Algae,10.1016/j.hal.2015.07.009,https://linkinghub.elsevier.com/retrieve/pii/S1568988315300615
Harmful macroalgal blooms (HMBs) in China's coastal water: Green and golden tides,"Xiao, Jie; Wang, Zongling; Liu, Dongyan; Fu, Mingzhu; Yuan, Chao; Yan, Tian",Harmful Algae,10.1016/j.hal.2021.102061,https://linkinghub.elsevier.com/retrieve/pii/S1568988321000913
Marine harmful algal blooms and human health: A systematic scoping review,"Young, Nick; Sharpe, Richard A.; Barciela, Rosa; Nichols, Gordon; Davidson, Keith; Berdalet, Elisa; Fleming, Lora E.",Harmful Algae,10.1016/j.hal.2020.101901,https://linkinghub.elsevier.com/retrieve/pii/S1568988320301803
"Mitigation of harmful algal blooms using modified clays: Theory, mechanisms, and applications","Yu, Zhiming; Song, Xiuxian; Cao, Xihua; Liu, Yang",Harmful Algae,10.1016/j.hal.2017.09.004,https://linkinghub.elsevier.com/retrieve/pii/S1568988317301397
Toxic marine microalgae and noxious blooms in the Mediterranean Sea: A contribution to the Global HAB Status Report,"Zingone, Adriana; Escalera, Laura; Aligizaki, Katerina; Fernández-Tejedor, Margarita; Ismael, Amany; Montresor, Marina; Mozetič, Patricija; Taş, Seyfettin; Totti, Cecilia",Harmful Algae,10.1016/j.hal.2020.101843,https://linkinghub.elsevier.com/retrieve/pii/S1568988320301220
"Harmful algal blooms (red tide): a review of causes, impacts and approaches to monitoring and prediction","Zohdi, E.; Abbaspour, M.",International Journal of Environmental Science and Technology,10.1007/s13762-018-2108-x,http://link.springer.com/10.1007/s13762-018-2108-x
"Progress in Understanding Harmful Algal Blooms: Paradigm Shifts and New Technologies for Research, Monitoring, and Management","Anderson, Donald M.; Cembella, Allan D.; Hallegraeff, Gustaaf M.",Annual Review of Marine Science,10.1146/annurev-marine-120308-081121,https://www.annualreviews.org/doi/10.1146/annurev-marine-120308-081121
"Marine harmful algal blooms (HABs) in the United States: History, current status and future trends","Anderson, Donald M.; Fensin, Elizabeth; Gobler, Christopher J.; Hoeglund, Alicia E.; Hubbard, Katherine A.; Kulis, David M.; Landsberg, Jan H.; Lefebvre, Kathi A.; Provoost, Pieter; Richlen, Mindy L.; Smith, Juliette L.; Solow, Andrew R.; Trainer, Vera L.",Harmful Algae,10.1016/j.hal.2021.101975,https://linkinghub.elsevier.com/retrieve/pii/S1568988321000020
Assessing risks and mitigating impacts of harmful algal blooms on mariculture and marine fisheries,"Brown, Andrew Ross; Lilley, Martin; Shutler, Jamie; Lowe, Chris; Artioli, Yuri; Torres, Ricardo; Berdalet, Elisa; Tyler, Charles R.",Reviews in Aquaculture,10.1111/raq.12403,https://onlinelibrary.wiley.com/doi/10.1111/raq.12403
Algicidal Bacteria: A Review of Current Knowledge and Applications to Control Harmful Algal Blooms,"Coyne, Kathryn J.; Wang, Yanfei; Johnson, Gretchen",Frontiers in Microbiology,10.3389/fmicb.2022.871177,https://www.frontiersin.org/articles/10.3389/fmicb.2022.871177/full
Coastal phytoplankton blooms expand and intensify in the 21st century,"Dai, Yanhui; Yang, Shangbo; Zhao, Dan; Hu, Chuanmin; Xu, Wang; Anderson, Donald M.; Li, Yun; Song, Xiao-Peng; Boyce, Daniel G.; Gibson, Luke; Zheng, Chunmiao; Feng, Lian",Nature,10.1038/s41586-023-05760-y,https://www.nature.com/articles/s41586-023-05760-y
A critical review on control methods for harmful algal blooms,"Gallardo‐Rodríguez, Juan J.; Astuya‐Villalón, Allisson; Llanos‐Rivera, Alejandra; Avello‐Fontalba, Veronica; Ulloa‐Jofré, Viviana",Reviews in Aquaculture,10.1111/raq.12251,https://onlinelibrary.wiley.com/doi/10.1111/raq.12251
Characteristics of Harmful Algal Species in the Coastal Waters of China from 1990 to 2017,"Hou, Wanli; Chen, Xi; Ba, Menglin; Yu, Jianghua; Chen, Tiantian; Zhu, Yihui; Bai, Jie",Toxins,10.3390/toxins14030160,https://www.mdpi.com/2072-6651/14/3/160
The magnitude and drivers of harmful algal blooms in China’s lakes and reservoirs: A national-scale characterization,"Huang, Jiacong; Zhang, Yinjun; Arhonditsis, George B.; Gao, Junfeng; Chen, Qiuwen; Peng, Jian",Water Research,10.1016/j.watres.2020.115902,https://linkinghub.elsevier.com/retrieve/pii/S0043135420304395
Cyanobacterial blooms,"Huisman, Jef; Codd, Geoffrey A.; Paerl, Hans W.; Ibelings, Bas W.; Verspagen, Jolanda M. H.; Visser, Petra M.",Nature Reviews Microbiology,10.1038/s41579-018-0040-1,https://www.nature.com/articles/s41579-018-0040-1
Algal-bloom control by allelopathy of aquatic macrophytes — A review,"Hu, Hongying; Hong, Yu",Frontiers of Environmental Science & Engineering in China,10.1007/s11783-008-0070-4,http://link.springer.com/10.1007/s11783-008-0070-4
Natural algicidal compounds: Strategies for controlling harmful algae and application,"Li, Huili; Xing, Ronglian; Ji, Xingyu; Liu, Yi; Chu, Xinran; Gu, Jiaxin; Wang, Shengnan; Wang, Gexuan; Zhao, Shijun; Cao, Xuebin",Plant Physiology and Biochemistry,10.1016/j.plaphy.2024.108981,https://linkinghub.elsevier.com/retrieve/pii/S0981942824006491
Review of Harmful Algal Blooms (HABs) Causing Marine Fish Kills: Toxicity and Mitigation,"Oh, Jae-Wook; Pushparaj, Suraj Shiv Charan; Muthu, Manikandan; Gopal, Judy",Plants,10.3390/plants12233936,https://www.mdpi.com/2223-7747/12/23/3936
"Harmful Cyanobacterial Blooms: Biological Traits, Mechanisms, Risks, and Control Strategies","Song, Lirong; Jia, Yunlu; Qin, Boqiang; Li, Renhui; Carmichael, Wayne W.; Gan, Nanqin; Xu, Hai; Shan, Kun; Sukenik, Assaf",Annual Review of Environment and Resources,10.1146/annurev-environ-112320-081653,https://www.annualreviews.org/doi/10.1146/annurev-environ-112320-081653
"Chemical Prevention and Control of the Green Tide and Fouling Organism Ulva: Key Chemicals, Mechanisms, and Applications","Tang, Tao; Effiong, Kokoette; Hu, Jing; Li, Chao; Xiao, Xi",Frontiers in Marine Science,10.3389/fmars.2021.618950,https://www.frontiersin.org/articles/10.3389/fmars.2021.618950/full
Algae in Recreational Waters: An Overview within a One Health Perspective,"Valeriani, Federica; Carraturo, Federica; Lofrano, Giusy; Volpini, Veronica; Izzo, Michela Giovanna; Bruno, Agnese; Guida, Marco; Romano Spica, Vincenzo",Water,10.3390/w16070946,https://www.mdpi.com/2073-4441/16/7/946
Inactivation and Removal Technologies for Algal-Bloom Control: Advances and Challenges,"Zhan, Ming-ming; Liu, Pei-rui; Liu, Xiao-ya; Hong, Yu; Xie, Xing",Current Pollution Reports,10.1007/s40726-021-00190-8,https://link.springer.com/10.1007/s40726-021-00190-8
Evolution of harmful algal blooms in the East China Sea under eutrophication and warming scenarios,"Zhou, Zheng-Xi; Yu, Ren-Cheng; Zhou, Ming-Jiang",Water Research,10.1016/j.watres.2022.118807,https://linkinghub.elsevier.com/retrieve/pii/S0043135422007606
A review on control of harmful algal blooms by plant-derived allelochemicals,"Zhu, Xiaoqin; Dao, Guohua; Tao, Yi; Zhan, Xinmin; Hu, Hongying",Journal of Hazardous Materials,10.1016/j.jhazmat.2020.123403,https://linkinghub.elsevier.com/retrieve/pii/S0304389420313923
"Assessing the Economic Consequences of Harmful Algal Blooms: A Summary of Existing Literature, Research Methods, Data, and Information Gaps","Adams, Charles M.; Larkin, Sherry L.; Hoagland, Porter; Sancewich, Brian",Harmful Algal Blooms,,https://onlinelibrary.wiley.com/doi/10.1002/9781118994672.ch8
"Pseudo-nitzschia, Nitzschia, and domoic acid: New research since 2011","Bates, Stephen S.; Hubbard, Katherine A.; Lundholm, Nina; Montresor, Marina; Leaw, Chui Pin",Harmful Algae,10.1016/j.hal.2018.06.001,https://linkinghub.elsevier.com/retrieve/pii/S156898831830091X
Forecasting the risk of harmful algal blooms,"Davidson, Keith; Anderson, Donald M.; Mateus, Marcos; Reguera, Beatriz; Silke, Joe; Sourisseau, Marc; Maguire, Julie",Harmful Algae,10.1016/j.hal.2015.11.005,https://linkinghub.elsevier.com/retrieve/pii/S1568988315001547
The interaction between cyanobacteria and zooplankton in a more eutrophic world,"Ger, Kemal Ali; Urrutia-Cordero, Pablo; Frost, Paul C.; Hansson, Lars-Anders; Sarnelle, Orlando; Wilson, Alan E.; Lürling, Miquel",Harmful Algae,10.1016/j.hal.2015.12.005,https://linkinghub.elsevier.com/retrieve/pii/S1568988315301475
The dual role of nitrogen supply in controlling the growth and toxicity of cyanobacterial blooms,"Gobler, Christopher J.; Burkholder, JoAnn M.; Davis, Timothy W.; Harke, Matthew J.; Johengen, Tom; Stow, Craig A.; Van De Waal, Dedmer B.",Harmful Algae,10.1016/j.hal.2016.01.010,https://linkinghub.elsevier.com/retrieve/pii/S1568988316300269
"A review of the global ecology, genomics, and biogeography of the toxic cyanobacterium, Microcystis spp.","Harke, Matthew J.; Steffen, Morgan M.; Gobler, Christopher J.; Otten, Timothy G.; Wilhelm, Steven W.; Wood, Susanna A.; Paerl, Hans W.",Harmful Algae,10.1016/j.hal.2015.12.007,https://linkinghub.elsevier.com/retrieve/pii/S1568988315301773
"Toxic cyanobacteria and drinking water: Impacts, detection, and treatment","He, Xuexiang; Liu, Yen-Ling; Conklin, Amanda; Westrick, Judy; Weavers, Linda K.; Dionysiou, Dionysios D.; Lenhart, John J.; Mouser, Paula J.; Szlag, David; Walker, Harold W.",Harmful Algae,10.1016/j.hal.2016.01.001,https://linkinghub.elsevier.com/retrieve/pii/S1568988316300038
Cyanobacterial bioactive metabolites—A review of their chemistry and biology,"Huang, I-Shuo; Zimba, Paul V.",Harmful Algae,10.1016/j.hal.2019.05.001,https://linkinghub.elsevier.com/retrieve/pii/S1568988319300587
Role of toxic and bioactive secondary metabolites in colonization and bloom formation by filamentous cyanobacteria Planktothrix,"Kurmayer, Rainer; Deng, Li; Entfellner, Elisabeth",Harmful Algae,10.1016/j.hal.2016.01.004,https://linkinghub.elsevier.com/retrieve/pii/S156898831630004X
"A review of karenia mikimotoi: Bloom events, physiology, toxicity and toxic mechanism","Li, Xiaodong; Yan, Tian; Yu, Rencheng; Zhou, Mingjiang",Harmful Algae,10.1016/j.hal.2019.101702,https://linkinghub.elsevier.com/retrieve/pii/S1568988319301751
Potentially harmful microalgae and algal blooms in the Red Sea: Current knowledge and research needs,"Mohamed, Zakaria A.",Marine Environmental Research,10.1016/j.marenvres.2018.06.019,https://linkinghub.elsevier.com/retrieve/pii/S0141113617306281
An overview of cyanobacterial bloom occurrences and research in Africa over the last decade,"Ndlela, L.L.; Oberholster, P.J.; Van Wyk, J.H.; Cheng, P.H.",Harmful Algae,10.1016/j.hal.2016.10.001,https://linkinghub.elsevier.com/retrieve/pii/S1568988316302165
A review of microcystin detections in Estuarine and Marine waters: Environmental implications and human health risk,"Preece, Ellen P.; Hardy, F. Joan; Moore, Barry C.; Bryan, Michael",Harmful Algae,10.1016/j.hal.2016.11.006,https://linkinghub.elsevier.com/retrieve/pii/S1568988316302141
Harmful algal blooms and climate change: exploring future distribution changes,"Townhill, Bryony L; Tinker, Jonathan; Jones, Miranda; Pitois, Sophie; Creach, Veronique; Simpson, Stephen D; Dye, Stephen; Bear, Elizabeth; Pinnegar, John K",ICES Journal of Marine Science,10.1093/icesjms/fsy113,https://academic.oup.com/icesjms/article/75/6/1882/5094977
Sentinel Animals in a One Health Approach to Harmful Cyanobacterial and Algal Blooms,"Backer, Lorraine; Miller, Melissa",Veterinary Sciences,10.3390/vetsci3020008,https://www.mdpi.com/2306-7381/3/2/8
Vulnerabilities of Marine Mammals to Harmful Algal Blooms,"Broadwater, Margaret H.; Van Dolah, Frances M.; Fire, Spencer E.",Harmful Algal Blooms,,https://onlinelibrary.wiley.com/doi/10.1002/9781118994672.ch5
Understanding the winning strategies used by the bloom-forming cyanobacterium Cylindrospermopsis raciborskii,"Burford, Michele A.; Beardall, John; Willis, Anusuya; Orr, Philip T.; Magalhaes, Valeria F.; Rangel, Luciana M.; Azevedo, Sandra M.F.O.E.; Neilan, Brett A.",Harmful Algae,10.1016/j.hal.2015.10.012,https://linkinghub.elsevier.com/retrieve/pii/S1568988315301293
"A review of the phylogeny, ecology and toxin production of bloom-forming Aphanizomenon spp. and related species within the Nostocales (cyanobacteria)","Cirés, Samuel; Ballot, Andreas",Harmful Algae,10.1016/j.hal.2015.09.007,https://linkinghub.elsevier.com/retrieve/pii/S1568988315301086
A review on factors affecting microcystins production by algae in aquatic environments,"Dai, Ruihua; Wang, Pinfei; Jia, Peili; Zhang, Yi; Chu, Xincheng; Wang, Yifei",World Journal of Microbiology and Biotechnology,10.1007/s11274-015-2003-2,http://link.springer.com/10.1007/s11274-015-2003-2
"An overview of diversity, occurrence, genetics and toxin production of bloom-forming Dolichospermum (Anabaena) species","Li, Xiaochuang; Dreher, Theo W.; Li, Renhui",Harmful Algae,10.1016/j.hal.2015.10.015,https://linkinghub.elsevier.com/retrieve/pii/S1568988315301050
"The rise of toxic benthic Phormidium proliferations: A review of their taxonomy, distribution, toxin content and factors regulating prevalence and increased severity","McAllister, Tara G.; Wood, Susanna A.; Hawes, Ian",Harmful Algae,10.1016/j.hal.2016.04.002,https://linkinghub.elsevier.com/retrieve/pii/S1568988316300476
Duelling ‘CyanoHABs’: unravelling the environmental drivers controlling dominance and succession among diazotrophic and non‐N<sub>2</sub> ‐fixing harmful cyanobacteria,"Paerl, Hans W.; Otten, Timothy G.",Environmental Microbiology,10.1111/1462-2920.13035,https://sfamjournals.onlinelibrary.wiley.com/doi/10.1111/1462-2920.13035
"The genetics, biosynthesis and regulation of toxic specialized metabolites of cyanobacteria","Pearson, Leanne A.; Dittmann, Elke; Mazmouz, Rabia; Ongley, Sarah E.; D’Agostino, Paul M.; Neilan, Brett A.",Harmful Algae,10.1016/j.hal.2015.11.002,https://linkinghub.elsevier.com/retrieve/pii/S1568988315301517
Oxidative damage and antioxidative system in algae,"Rezayian, Maryam; Niknam, Vahid; Ebrahimzadeh, Hassan",Toxicology Reports,10.1016/j.toxrep.2019.10.001,https://linkinghub.elsevier.com/retrieve/pii/S2214750018305870
The effect of the toxic dinoflagellate Alexandrium fundyense on the fitness of the calanoid copepod Calanus finmarchicus,"Roncalli, Vittoria; Turner, Jefferson T.; Kulis, David; Anderson, Donald M.; Lenz, Petra H.",Harmful Algae,10.1016/j.hal.2015.11.003,https://linkinghub.elsevier.com/retrieve/pii/S1568988315300792
A decade and a half of Pseudo-nitzschia spp. and domoic acid along the coast of southern California,"Smith, Jayme; Connell, Paige; Evans, Richard H.; Gellene, Alyssa G.; Howard, Meredith D.A.; Jones, Burton H.; Kaveggia, Susan; Palmer, Lauren; Schnetzer, Astrid; Seegers, Bridget N.; Seubert, Erica L.; Tatters, Avery O.; Caron, David A.",Harmful Algae,10.1016/j.hal.2018.07.007,https://linkinghub.elsevier.com/retrieve/pii/S156898831830115X
Challenges for mapping cyanotoxin patterns from remote sensing of cyanobacteria,"Stumpf, Richard P.; Davis, Timothy W.; Wynne, Timothy T.; Graham, Jennifer L.; Loftin, Keith A.; Johengen, Thomas H.; Gossiaux, Duane; Palladino, Danna; Burtner, Ashley",Harmful Algae,10.1016/j.hal.2016.01.005,https://linkinghub.elsevier.com/retrieve/pii/S1568988315301839
Human Illnesses and Animal Deaths Associated with Freshwater Harmful Algal Blooms—Kansas,"Trevino-Garrison, Ingrid; DeMent, Jamie; Ahmed, Farah; Haines-Lieber, Patricia; Langer, Thomas; Ménager, Henri; Neff, Janet; Van Der Merwe, Deon; Carney, Edward",Toxins,10.3390/toxins7020353,https://www.mdpi.com/2072-6651/7/2/353
The common bloom-forming cyanobacterium Microcystis is prone to a wide array of microbial antagonists,"Van Wichelen, Jeroen; Vanormelingen, Pieter; Codd, Geoffrey A.; Vyverman, Wim",Harmful Algae,10.1016/j.hal.2016.02.009,https://linkinghub.elsevier.com/retrieve/pii/S1568988315301682
Biochemistry and genetics of taste- and odor-producing cyanobacteria,"Watson, Susan B.; Monis, Paul; Baker, Peter; Giglio, Steven",Harmful Algae,10.1016/j.hal.2015.11.008,https://linkinghub.elsevier.com/retrieve/pii/S1568988315301530
Review: a meta-analysis comparing cell-division and cell-adhesion in Microcystis colony formation,"Xiao, Man; Willis, Anusuya; Burford, Michele A.; Li, Ming",Harmful Algae,10.1016/j.hal.2017.06.007,https://linkinghub.elsevier.com/retrieve/pii/S1568988317300537
An overview of historical harmful algae blooms outbreaks in the Arabian Seas,"Al Shehhi, Maryam R.; Gherboudj, Imen; Ghedira, Hosni",Marine Pollution Bulletin,10.1016/j.marpolbul.2014.06.048,https://linkinghub.elsevier.com/retrieve/pii/S0025326X14004287
Understanding harmful algae in stratified systems: Review of progress and future directions,"Berdalet, E.; McManus, M.A.; Ross, O.N.; Burchard, H.; Chavez, F.P.; Jaffe, J.S.; Jenkinson, I.R.; Kudela, R.; Lips, I.; Lips, U.; Lucas, A.; Rivas, D.; Ruiz-de La Torre, M.C.; Ryan, J.; Sullivan, J.M.; Yamazaki, H.",Deep Sea Research Part II: Topical Studies in Oceanography,10.1016/j.dsr2.2013.09.042,https://linkinghub.elsevier.com/retrieve/pii/S0967064513003834
Meta‐analysis reveals enhanced growth of marine harmful algae from temperate regions with warming and elevated CO<sub>2</sub> levels,"Brandenburg, Karen M.; Velthuis, Mandy; Van De Waal, Dedmer B.",Global Change Biology,10.1111/gcb.14678,https://onlinelibrary.wiley.com/doi/10.1111/gcb.14678
"In some places, in some cases, and at some times, harmful algal blooms are the greatest threat to inland water quality","Brooks, Bryan W.; Lazorchak, James M.; Howard, Meredith D.A.; Johnson, Mari-Vaughn V.; Morton, Steve L.; Perkins, Dawn A.K.; Reavie, Euan D.; Scott, Geoffrey I.; Smith, Stephanie A.; Steevens, Jeffery A.",Environmental Toxicology and Chemistry,10.1002/etc.3801,https://academic.oup.com/etc/article/36/5/1125/7740090
Harmful algae and their potential impacts on desalination operations off southern California,"Caron, David A.; Garneau, Marie-Ève; Seubert, Erica; Howard, Meredith D.A.; Darjany, Lindsay; Schnetzer, Astrid; Cetinić, Ivona; Filteau, Gerry; Lauri, Phil; Jones, Burton",Water Research,10.1016/j.watres.2009.06.051,https://linkinghub.elsevier.com/retrieve/pii/S0043135409004382
National and international public policies for the management of harmful algal bloom events. A case study on the Brazilian coastal zone,"Castro, N.O.; Domingos, P.; Moser, G.A.O.",Ocean & Coastal Management,10.1016/j.ocecoaman.2016.04.016,https://linkinghub.elsevier.com/retrieve/pii/S0964569116300722
Climate Change Impacts on Harmful Algal Blooms in U.S. Freshwaters: A Screening-Level Assessment,"Chapra, Steven C.; Boehlert, Brent; Fant, Charles; Bierman, Victor J.; Henderson, Jim; Mills, David; Mas, Diane M. L.; Rennels, Lisa; Jantarasami, Lesley; Martinich, Jeremy; Strzepek, Kenneth M.; Paerl, Hans W.",Environmental Science & Technology,10.1021/acs.est.7b01498,https://pubs.acs.org/doi/10.1021/acs.est.7b01498
Harmful algal blooms: How strong is the evidence that nutrient ratios and forms influence their occurrence?,"Davidson, Keith; Gowen, Richard J.; Tett, Paul; Bresnan, Eileen; Harrison, Paul J.; McKinney, April; Milligan, Stephen; Mills, David K.; Silke, Joe; Crooks, Anne-Marie","Estuarine, Coastal and Shelf Science",10.1016/j.ecss.2012.09.019,https://linkinghub.elsevier.com/retrieve/pii/S0272771412003782
Global change and the future of harmful algal blooms in the ocean,"Fu, Fx; Tatters, Ao; Hutchins, Da",Marine Ecology Progress Series,10.3354/meps10047,http://www.int-res.com/abstracts/meps/v470/p207-233/
"The state of U.S. freshwater harmful algal blooms assessments, policy and legislation","Hudnell, H. Kenneth",Toxicon,10.1016/j.toxicon.2009.07.021,https://linkinghub.elsevier.com/retrieve/pii/S004101010900378X
A Review on Toxic and Harmful Algae in Greek Coastal Waters (E. Mediterranean Sea),"Ignatiades, Lydia; Gotsis-Skretas, Olympia",Toxins,10.3390/toxins2051019,https://www.mdpi.com/2072-6651/2/5/1019
A framework for examining climate-driven changes to the seasonality and geographical range of coastal pathogens and harmful algae,"Jacobs, John; Moore, Stephanie K.; Kunkel, Kenneth E.; Sun, Liqiang",Climate Risk Management,10.1016/j.crm.2015.03.002,https://linkinghub.elsevier.com/retrieve/pii/S2212096315000108
Controlling harmful cyanobacterial blooms in a climatically more extreme world: management options and research needs,"Paerl, Hans W.",Journal of Plankton Research,10.1093/plankt/fbx042,http://academic.oup.com/plankt/article/39/5/763/4079732/Controlling-harmful-cyanobacterial-blooms-in-a
Mitigating the Expansion of Harmful Algal Blooms Across the Freshwater-to-Marine Continuum,"Paerl, Hans W.; Otten, Timothy G.; Kudela, Raphael",Environmental Science & Technology,10.1021/acs.est.7b05950,https://pubs.acs.org/doi/10.1021/acs.est.7b05950
Airborne algae: overview of the current status and its implications on the environment,"Sahu, Nivedita; Tangutur, Anjana Devi",Aerobiologia,10.1007/s10453-014-9349-z,http://link.springer.com/10.1007/s10453-014-9349-z
Perspectives on Harmful Algal Blooms (HABs) and the Cyberbiosecurity of Freshwater Systems,"Schmale, David G.; Ault, Andrew P.; Saad, Walid; Scott, Durelle T.; Westrick, Judy A.",Frontiers in Bioengineering and Biotechnology,10.3389/fbioe.2019.00128,https://www.frontiersin.org/article/10.3389/fbioe.2019.00128/full
Effects of Harmful Algal Blooms on Fish: Insights from Prymnesium parvum,"Svendsen, Morten Bo Søndergaard; Andersen, Nikolaj Reducha; Hansen, Per Juel; Steffensen, John Fleng",Fishes,10.3390/fishes3010011,https://www.mdpi.com/2410-3888/3/1/11
A review of allelopathy on microalgae,"Tan, Kaiting; Huang, Ziqi; Ji, Ruibo; Qiu, Yongting; Wang, Zhihong; Liu, Junxia",Microbiology,10.1099/mic.0.000776,https://www.microbiologyresearch.org/content/journal/micro/10.1099/mic.0.000776
Integrative Monitoring of Marine and Freshwater Harmful Algae in Washington State for Public Health Protection,"Trainer, Vera; Hardy, F.",Toxins,10.3390/toxins7041206,https://www.mdpi.com/2072-6651/7/4/1206
Planktonic marine copepods and harmful algae,"Turner, Jefferson T.",Harmful Algae,10.1016/j.hal.2013.12.001,https://linkinghub.elsevier.com/retrieve/pii/S1568988313001911
The quantitative real-time PCR applications in the monitoring of marine harmful algal bloom (HAB) species,"Antonella, Penna; Luca, Galluzzi",Environmental Science and Pollution Research,10.1007/s11356-012-1377-z,http://link.springer.com/10.1007/s11356-012-1377-z
The importance of human dimensions research in managing harmful algal blooms,"Bauer, Marybeth; Hoagland, Porter; Leschine, Thomas M; Blount, Benjamin G; Pomeroy, Caroline M; Lampl, Linda L; Scherer, Clifford W; Ayres, Dan L; Tester, Patricia A; Sengco, Mario R; Sellner, Kevin G; Schumacker, Joe",Frontiers in Ecology and the Environment,10.1890/070181,https://esajournals.onlinelibrary.wiley.com/doi/10.1890/070181
Harmful algae: effects of alkaloid cyanotoxins on animal and human health,"Bownik, Adam",Toxin Reviews,10.3109/15569543.2010.516464,http://www.tandfonline.com/doi/full/10.3109/15569543.2010.516464
Anthropogenic nutrients and harmful algae in coastal waters,"Davidson, Keith; Gowen, Richard J.; Harrison, Paul J.; Fleming, Lora E.; Hoagland, Porter; Moschonas, Grigorios",Journal of Environmental Management,10.1016/j.jenvman.2014.07.002,https://linkinghub.elsevier.com/retrieve/pii/S030147971400334X
Review of Florida red tide and human health effects,"Fleming, Lora E.; Kirkpatrick, Barbara; Backer, Lorraine C.; Walsh, Cathy J.; Nierenberg, Kate; Clark, John; Reich, Andrew; Hollenbeck, Julie; Benson, Janet; Cheng, Yung Sung; Naar, Jerome; Pierce, Richard; Bourdelais, Andrea J.; Abraham, William M.; Kirkpatrick, Gary; Zaias, Julia; Wanner, Adam; Mendes, Eliana; Shalat, Stuart; Hoagland, Porter; Stephan, Wendy; Bean, Judy; Watkins, Sharon; Clarke, Tainya; Byrne, Margaret; Baden, Daniel G.",Harmful Algae,10.1016/j.hal.2010.08.006,https://linkinghub.elsevier.com/retrieve/pii/S1568988310000934
Harmful algal blooms and eutrophication: “strategies” for nutrient uptake and growth outside the Redfield comfort zone,"Glibert, Patricia M.; Burkholder, JoAnn M.",Chinese Journal of Oceanology and Limnology,10.1007/s00343-011-0502-z,http://link.springer.com/10.1007/s00343-011-0502-z
"OCEAN CLIMATE CHANGE, PHYTOPLANKTON COMMUNITY RESPONSES, AND HARMFUL ALGAL BLOOMS: A FORMIDABLE PREDICTIVE CHALLENGE","Hallegraeff, Gustaaf M.",Journal of Phycology,10.1111/j.1529-8817.2010.00815.x,https://onlinelibrary.wiley.com/doi/10.1111/j.1529-8817.2010.00815.x
"Harmful algal blooms along the North American west coast region: History, trends, causes, and impacts","Lewitus, Alan J.; Horner, Rita A.; Caron, David A.; Garcia-Mendoza, Ernesto; Hickey, Barbara M.; Hunter, Matthew; Huppert, Daniel D.; Kudela, Raphael M.; Langlois, Gregg W.; Largier, John L.; Lessard, Evelyn J.; RaLonde, Raymond; Jack Rensel, J.E.; Strutton, Peter G.; Trainer, Vera L.; Tweddle, Jacqueline F.",Harmful Algae,10.1016/j.hal.2012.06.009,https://linkinghub.elsevier.com/retrieve/pii/S1568988312001175
Cephalopods as Vectors of Harmful Algal Bloom Toxins in Marine Food Webs,"Lopes, Vanessa; Lopes, Ana; Costa, Pedro; Rosa, Rui",Marine Drugs,10.3390/md11093381,https://www.mdpi.com/1660-3397/11/9/3381
The rise of harmful cyanobacteria blooms: The potential roles of eutrophication and climate change,"O’Neil, J.M.; Davis, T.W.; Burford, M.A.; Gobler, C.J.",Harmful Algae,10.1016/j.hal.2011.10.027,https://linkinghub.elsevier.com/retrieve/pii/S1568988311001557
Harmful Dinophysis species: A review,"Reguera, Beatriz; Velo-Suárez, Lourdes; Raine, Robin; Park, Myung Gil",Harmful Algae,10.1016/j.hal.2011.10.016,https://linkinghub.elsevier.com/retrieve/pii/S1568988311001442
Satellite Remote Sensing of Harmful Algal Blooms (HABs) and a Potential Synthesized Framework,"Shen, Li; Xu, Huiping; Guo, Xulin",Sensors,10.3390/s120607778,https://www.mdpi.com/1424-8220/12/6/7778
Ecological assessments with algae: a review and synthesis,"Stevenson, Jan",Journal of Phycology,10.1111/jpy.12189,https://onlinelibrary.wiley.com/doi/10.1111/jpy.12189
Harmful algae are not harmful to everyone,"Thomsen, Mads S.; De Bettignies, Thibaut; Wernberg, Thomas; Holmer, Marianne; Debeuf, Bastien",Harmful Algae,10.1016/j.hal.2012.01.005,https://linkinghub.elsevier.com/retrieve/pii/S1568988312000352
Freshwater Harmful Algal Blooms: Toxins and Children's Health,"Weirich, Chelsea A.; Miller, Todd R.",Current Problems in Pediatric and Adolescent Health Care,10.1016/j.cppeds.2013.10.007,https://linkinghub.elsevier.com/retrieve/pii/S1538544213001211
"The risk of harmful algal blooms (HABs) in the oyster-growing estuaries of New South Wales, Australia","Ajani, Penelope; Brett, Steve; Krogh, Martin; Scanes, Peter; Webster, Grant; Armand, Leanne",Environmental Monitoring and Assessment,10.1007/s10661-012-2946-9,http://link.springer.com/10.1007/s10661-012-2946-9
"HABs in a changing world: a perspective on harmful algal blooms, their impacts, and research and management in a dynamic era of climactic and environmental change","Anderson, Donald",Harmful Algae,,
The globally distributed genus Alexandrium: Multifaceted roles in marine ecosystems and impacts on human health,"Anderson, Donald M.; Alpermann, Tilman J.; Cembella, Allan D.; Collos, Yves; Masseret, Estelle; Montresor, Marina",Harmful Algae,10.1016/j.hal.2011.10.012,https://linkinghub.elsevier.com/retrieve/pii/S1568988311001405
Canine Cyanotoxin Poisonings in the United States (1920s–2012): Review of Suspected and Confirmed Cases from Three Data Sources,"Backer, Lorraine; Landsberg, Jan; Miller, Melissa; Keel, Kevin; Taylor, Tegwin",Toxins,10.3390/toxins5091597,https://www.mdpi.com/2072-6651/5/9/1597
Tropical harmful algal blooms: An emerging threat to coral reef communities?,"Bauman, Andrew G.; Burt, John A.; Feary, David A.; Marquis, Elise; Usseglio, Paolo",Marine Pollution Bulletin,10.1016/j.marpolbul.2010.08.015,https://linkinghub.elsevier.com/retrieve/pii/S0025326X10003917
Impacts of a ‘black tide’ harmful algal bloom on rocky-shore intertidal communities on the West Coast of South Africa,"Branch, G.M.; Bustamante, R.H.; Robinson, T.B.",Harmful Algae,10.1016/j.hal.2013.01.005,https://linkinghub.elsevier.com/retrieve/pii/S1568988313000188
"Toxin-producing cyanobacteria in freshwater: A review of the problems, impact on drinking water safety, and efforts for protecting public health","Cheung, Melissa Y.; Liang, Song; Lee, Jiyoung",Journal of Microbiology,10.1007/s12275-013-2549-3,http://link.springer.com/10.1007/s12275-013-2549-3
Review of the Main Ecological Features Affecting Benthic Dinoflagellate Blooms,"Fraga, Santiago; Rodríguez, Francisco; Bravo, Isabel; Zapata, Manuel; Marañón, Emilio","Cryptogamie, Algologie",10.7872/crya.v33.iss2.2011.171,http://www.bioone.org/doi/abs/10.7872/crya.v33.iss2.2011.171
Monitoring of harmful algal blooms in the era of diminishing resources: A case study of the U.S. West Coast,"Frolov, Sergey; Kudela, Raphael M.; Bellingham, James G.",Harmful Algae,10.1016/j.hal.2012.11.001,https://linkinghub.elsevier.com/retrieve/pii/S1568988312001503
Fish Kill Incidents and Harmful Algal Blooms in Omani Waters,"Al Gheilani, Hamed Mohammed; Matsuoka, Kazumi; AlKindi, Abdulaziz Yahya; Amer, Shehla; Waring, Colin",Journal of Agricultural and Marine Sciences [JAMS],10.24200/jams.vol16iss0pp23-33,https://journals.squ.edu.om/index.php/jams/article/view/654
Vulnerability of coastal ecosystems to changes in harmful algal bloom distribution in response to climate change: projections based on model analysis,"Glibert, Patricia M.; Icarus Allen, J.; Artioli, Yuri; Beusen, Arthur; Bouwman, Lex; Harle, James; Holmes, Robert; Holt, Jason",Global Change Biology,10.1111/gcb.12662,https://onlinelibrary.wiley.com/doi/10.1111/gcb.12662
The ecophysiology and bloom dynamics of Prymnesium spp.,"Granéli, Edna; Edvardsen, Bente; Roelke, Daniel L.; Hagström, Johannes A.",Harmful Algae,10.1016/j.hal.2011.10.024,https://linkinghub.elsevier.com/retrieve/pii/S1568988311001521
Taxonomy and phylogeny of the benthic Prorocentrum species (Dinophyceae)—A proposal and review,"Hoppenrath, Mona; Chomérat, Nicolas; Horiguchi, Takeo; Schweikert, Michael; Nagahama, Yukio; Murray, Shauna",Harmful Algae,10.1016/j.hal.2013.03.006,https://linkinghub.elsevier.com/retrieve/pii/S1568988313000498
The role of nutrients in regulation and promotion of harmful algal blooms in upwelling systems,"Kudela, R.M.; Seeyave, S.; Cochlan, W.P.",Progress in Oceanography,10.1016/j.pocean.2010.02.008,https://linkinghub.elsevier.com/retrieve/pii/S0079661110000194
Harmful dinoflagellate blooms caused by Cochlodinium sp.: Global expansion and ecological strategies facilitating bloom formation,"Kudela, Raphael M.; Gobler, Christopher J.",Harmful Algae,10.1016/j.hal.2011.10.015,https://linkinghub.elsevier.com/retrieve/pii/S1568988311001430
A Universal Method for Flocculating Harmful Algal Blooms in Marine and Fresh Waters Using Modified Sand,"Li, Liang; Pan, Gang",Environmental Science & Technology,10.1021/es305234d,https://pubs.acs.org/doi/10.1021/es305234d
Airborne Algae and Cyanobacteria Occurrence and Related Health Effects,"Moustaka-Gouni, Maria",Frontiers in Bioscience,10.2741/e285,https://imrpress.com/journal/FBE/3/2/10.2741/E285
Impact of harmful algal blooms on wild and cultured animals in the Gulf of California,"Núñez-Vázquez, Erick J; Gárate-Lizarraga, Ismael; Postal, Apdo; Paz, La; Lopez-Cortes, David J; Bustillos-Guzman, Jose J",,,
"Gambierdiscus and Ostreopsis: Reassessment of the state of knowledge of their taxonomy, geography, ecophysiology, and toxicology","Parsons, Michael L.; Aligizaki, Katerina; Bottein, Marie-Yasmine Dechraoui; Fraga, Santiago; Morton, Steve L.; Penna, Antonella; Rhodes, Lesley",Harmful Algae,10.1016/j.hal.2011.10.017,https://linkinghub.elsevier.com/retrieve/pii/S1568988311001454
The physical oceanography of upwelling systems and the development of harmful algal blooms,"Pitcher, G.C.; Figueiras, F.G.; Hickey, B.M.; Moita, M.T.",Progress in Oceanography,10.1016/j.pocean.2010.02.002,https://linkinghub.elsevier.com/retrieve/pii/S0079661110000133
A review of the biophysical interactions relevant to the promotion of HABs in stratified systems: The case study of Ireland,"Raine, Robin",Deep Sea Research Part II: Topical Studies in Oceanography,10.1016/j.dsr2.2013.06.021,https://linkinghub.elsevier.com/retrieve/pii/S0967064513002518
Effects of inflow on harmful algal blooms: some considerations,"Roelke, D. L.; Pierce, R. H.",Journal of Plankton Research,10.1093/plankt/fbq143,https://academic.oup.com/plankt/article-lookup/doi/10.1093/plankt/fbq143
"Seasonality in the distribution of dinoflagellates with special reference to harmful algal species in tropical coastal environment, Bay of Bengal","Sahu, Gouri; Mohanty, A. K.; Samantara, M. K.; Satpathy, K. K.",Environmental Monitoring and Assessment,10.1007/s10661-014-3878-3,http://link.springer.com/10.1007/s10661-014-3878-3
Potential for control of harmful cyanobacterial blooms using biologically derived substances: Problems and prospects,"Shao, Jihai; Li, Renhui; Lepo, Joe Eugene; Gu, Ji-Dong",Journal of Environmental Management,10.1016/j.jenvman.2013.04.001,https://linkinghub.elsevier.com/retrieve/pii/S030147971300234X
Most harmful algal bloom species are vitamin B<sub>1</sub> and B<sub>12</sub> auxotrophs,"Tang, Ying Zhong; Koch, Florian; Gobler, Christopher J.",Proceedings of the National Academy of Sciences,10.1073/pnas.1009566107,https://pnas.org/doi/full/10.1073/pnas.1009566107
Perspective: Advancing the research agenda for improving understanding of cyanobacteria in a future of global change,"Burford, M.A; Carey, C.C; Hamilton, D.P.; Huisman, J.; Paerl, H.W; Wood, S.A; Wulff, A.",Harmful Algae,10.1016/j.hal.2019.04.004,https://linkinghub.elsevier.com/retrieve/pii/S1568988319300514
Algal blooms: a perspective from the coasts of India,"D’Silva, Maria Shamina; Anil, Arga Chandrashekar; Naik, Ravidas Krishna; D’Costa, Priya Mallika",Natural Hazards,10.1007/s11069-012-0190-9,http://link.springer.com/10.1007/s11069-012-0190-9
Algal diseases: spotlight on a black box,"Gachon, Claire M.M.; Sime-Ngando, Télesphore; Strittmatter, Martina; Chambouvet, Aurélie; Kim, Gwang Hoon",Trends in Plant Science,10.1016/j.tplants.2010.08.005,https://linkinghub.elsevier.com/retrieve/pii/S1360138510001640
Perceived global increase in algal blooms is attributable to intensified monitoring and emerging bloom impacts,"Hallegraeff, Gustaaf M.; Anderson, Donald M.; Belin, Catherine; Bottein, Marie-Yasmine Dechraoui; Bresnan, Eileen; Chinain, Mireille; Enevoldsen, Henrik; Iwataki, Mitsunori; Karlson, Bengt; McKenzie, Cynthia H.; Sunesen, Inés; Pitcher, Grant C.; Provoost, Pieter; Richardson, Anthony; Schweibold, Laura; Tester, Patricia A.; Trainer, Vera L.; Yñiguez, Aletta T.; Zingone, Adriana",Communications Earth & Environment,10.1038/s43247-021-00178-8,https://www.nature.com/articles/s43247-021-00178-8
"Toxic marine microalgae and shellfish poisoning in the British isles: history, review of epidemiology, and future implications","Hinder, Stephanie L; Hays, Graeme C; Brooks, Caroline J; Davies, Angharad P; Edwards, Martin; Walne, Anthony W; Gravenor, Mike B",Environmental Health,10.1186/1476-069X-10-54,http://ehjournal.biomedcentral.com/articles/10.1186/1476-069X-10-54
"Monitoring and trends in harmful algal blooms and red tides in Korean coastal waters, with emphasis on Cochlodinium polykrikoides","Lee, Chang-Kyu; Park, Tae-Gyu; Park, Young-Tae; Lim, Wol-Ae",Harmful Algae,10.1016/j.hal.2013.10.002,https://linkinghub.elsevier.com/retrieve/pii/S1568988313001431
"An overview of Prorocentrum donghaiense blooms in China: Species identification, occurrences, ecological consequences, and factors regulating prevalence","Lu, Songhui; Ou, Linjian; Dai, Xinfeng; Cui, Lei; Dong, Yuelei; Wang, Pengbin; Li, Dongmei; Lu, Douding",Harmful Algae,10.1016/j.hal.2022.102207,https://linkinghub.elsevier.com/retrieve/pii/S1568988322000361
"Models of harmful algal blooms: Conceptual, empirical, and numerical approaches","McGillicuddy,, D.J.",Journal of Marine Systems,10.1016/j.jmarsys.2010.06.008,https://linkinghub.elsevier.com/retrieve/pii/S0924796310001193
Airborne Algae and Cyanobacteria Occurrence and Related Health Effects,"Moustaka-Gouni, Maria",Frontiers in Bioscience,10.2741/e285,https://imrpress.com/journal/FBE/3/2/10.2741/E285
Toxic compounds produced by cyanobacteria belonging to several species of the order Nostocales: A review,"Nowruzi, Bahareh; Porzani, Samaneh Jafari",Journal of Applied Toxicology,10.1002/jat.4088,https://analyticalsciencejournals.onlinelibrary.wiley.com/doi/10.1002/jat.4088
Is Occurrence of Harmful Algal Blooms in the Exclusive Economic Zone of India on the Rise?,"Padmakumar, K. B.; Menon, N. R.; Sanjeevan, V. N.",International Journal of Oceanography,10.1155/2012/263946,https://www.hindawi.com/journals/ijocean/2012/263946/
Controlling harmful cyanobacterial blooms in a world experiencing anthropogenic and climatic-induced change,"Paerl, Hans W.; Hall, Nathan S.; Calandrino, Elizabeth S.",Science of The Total Environment,10.1016/j.scitotenv.2011.02.001,https://linkinghub.elsevier.com/retrieve/pii/S0048969711001197
Parasitism of harmful dinoflagellates in Korean coastal waters,"Park, Myung Gil; Kim, Sunju; Shin, Eun-Young; Yih, Wonho; Coats, D. Wayne",Harmful Algae,10.1016/j.hal.2013.10.007,https://linkinghub.elsevier.com/retrieve/pii/S1568988313001480
The distribution and impacts of harmful algal bloom species in eastern boundary upwelling systems,"Trainer, V.L.; Pitcher, G.C.; Reguera, B.; Smayda, T.J.",Progress in Oceanography,10.1016/j.pocean.2010.02.003,https://linkinghub.elsevier.com/retrieve/pii/S0079661110000145
Cyanobacteria and Algae Blooms: Review of Health and Environmental Data from the Harmful Algal Bloom-Related Illness Surveillance System (HABISS) 2007–2011,"Backer, Lorraine; Manassaram-Baptiste, Deana; LePrell, Rebecca; Bolton, Birgit",Toxins,10.3390/toxins7041048,https://www.mdpi.com/2072-6651/7/4/1048
"Marine harmful algal blooms, human health and wellbeing: challenges and opportunities in the 21st century","Berdalet, Elisa; Fleming, Lora E.; Gowen, Richard; Davidson, Keith; Hess, Philipp; Backer, Lorraine C.; Moore, Stephanie K.; Hoagland, Porter; Enevoldsen, Henrik",Journal of the Marine Biological Association of the United Kingdom,10.1017/S0025315415001733,https://www.cambridge.org/core/product/identifier/S0025315415001733/type/journal_article
Harmful algae: Effects of cyanobacterial cyclic peptides on aquatic invertebrates-a short review,"Bownik, Adam",Toxicon,10.1016/j.toxicon.2016.10.017,https://linkinghub.elsevier.com/retrieve/pii/S0041010116303191
A Review of Recent Machine Learning Advances for Forecasting Harmful Algal Blooms and Shellfish Contamination,"Cruz, Rafaela C.; Reis Costa, Pedro; Vinga, Susana; Krippahl, Ludwig; Lopes, Marta B.",Journal of Marine Science and Engineering,10.3390/jmse9030283,https://www.mdpi.com/2077-1312/9/3/283
Harmful algal blooms in inland waters,"Feng, Lian; Wang, Ying; Hou, Xuejiao; Qin, Boqiang; Kutser, Tiit; Qu, Fan; Chen, Nengwang; Paerl, Hans W.; Zheng, Chunmiao",Nature Reviews Earth & Environment,10.1038/s43017-024-00578-2,https://www.nature.com/articles/s43017-024-00578-2
"Eutrophication, harmful algae and biodiversity — Challenging paradigms in a world of complex nutrient changes","Glibert, Patricia M.",Marine Pollution Bulletin,10.1016/j.marpolbul.2017.04.027,https://linkinghub.elsevier.com/retrieve/pii/S0025326X1730334X
"Understanding how physical-biological coupling influences harmful algal blooms, low oxygen and fish kills in the Sea of Oman and the Western Arabian Sea","Harrison, Paul J.; Piontkovski, Sergey; Al-Hashmi, Khalid",Marine Pollution Bulletin,10.1016/j.marpolbul.2016.11.008,https://linkinghub.elsevier.com/retrieve/pii/S0025326X16309043
Review and evaluation of reservoir management strategies for harmful algal blooms,"Herman, Brook; Eberly, Jed; Jung, Carina; Medina, Victor",,,http://hdl.handle.net/11681/22773
Mapping the main harmful algal species in the East China Sea (Yangtze River estuary) and their possible response to the main ecological status and global climate change via a global vision,"Hu, Jiarong; Zheng, Junjie; Lu, Douding; Dai, Xinfeng; Wang, Ruifang; Zhu, Yuanli; Park, Bum Soo; Li, Changpeng; Kim, Jin Ho; Guo, Ruoyu; Wang, Pengbin",Science of The Total Environment,10.1016/j.scitotenv.2024.175527,https://linkinghub.elsevier.com/retrieve/pii/S0048969724056778
A Meta-Analysis on Harmful Algal Bloom (HAB) Detection and Monitoring: A Remote Sensing Perspective,"Khan, Rabia Munsaf; Salehi, Bahram; Mahdianpari, Masoud; Mohammadimanesh, Fariba; Mountrakis, Giorgos; Quackenbush, Lindi J.",Remote Sensing,10.3390/rs13214347,https://www.mdpi.com/2072-4292/13/21/4347
Management of concentrate and waste streams for membrane-based algal separation in water treatment: A review,"Kong, Xiangtong; Ma, Jinxing; Le-Clech, Pierre; Wang, Zhiwei; Tang, Chuyang Y.; Waite, T. David",Water Research,10.1016/j.watres.2020.115969,https://linkinghub.elsevier.com/retrieve/pii/S0043135420305066
Economic impact of harmful algal blooms on human health: a systematic review,"Kouakou, Christian R. C.; Poder, Thomas G.",Journal of Water and Health,10.2166/wh.2019.064,https://iwaponline.com/jwh/article/17/4/499/67601/Economic-impact-of-harmful-algal-blooms-on-human
"UV-C irradiation for harmful algal blooms control: A literature review on effectiveness, mechanisms, influencing factors and facilities","Li, Shang; Tao, Yi; Zhan, Xin-Min; Dao, Guo-Hua; Hu, Hong-Ying",Science of The Total Environment,10.1016/j.scitotenv.2020.137986,https://linkinghub.elsevier.com/retrieve/pii/S0048969720314996
A review of the current and emerging detection methods of marine harmful microalgae,"Liu, Fuguo; Zhang, Chunyun; Wang, Yuanyuan; Chen, Guofu",Science of The Total Environment,10.1016/j.scitotenv.2022.152913,https://linkinghub.elsevier.com/retrieve/pii/S004896972200002X
"Molecular Techniques for the Detection of Organisms in Aquatic Environments, with Emphasis on Harmful Algal Bloom Species","Medlin, Linda; Orozco, Jahir",Sensors,10.3390/s17051184,https://www.mdpi.com/1424-8220/17/5/1184
Effects of Harmful Blooms of Large-Sized and Colonial Cyanobacteria on Aquatic Food Webs,"Moustaka-Gouni, Maria; Sommer, Ulrich",Water,10.3390/w12061587,https://www.mdpi.com/2073-4441/12/6/1587
"Modified Local Soil (MLS) Technology for Harmful Algal Bloom Control, Sediment Remediation, and Ecological Restoration","Pan, Gang; Miao, Xiaojun; Bi, Lei; Zhang, Honggang; Wang, Lei; Wang, Lijing; Wang, Zhibin; Chen, Jun; Ali, Jafar; Pan, Minmin; Zhang, Jing; Yue, Bin; Lyu, Tao",Water,10.3390/w11061123,https://www.mdpi.com/2073-4441/11/6/1123
Recent advances in ultrasonic treatment: Challenges and field applications for controlling harmful algal blooms (HABs),"Park, Jungsu; Church, Jared; Son, Younggyu; Kim, Keug-Tae; Lee, Woo Hyoung",Ultrasonics Sonochemistry,10.1016/j.ultsonch.2017.03.003,https://linkinghub.elsevier.com/retrieve/pii/S1350417717300950
"A comprehensive review on algae removal and control by coagulation-based processes: mechanism, material, and application","Ren, Bangxing; Weitzel, Katelin A.; Duan, Xiaodi; Nadagouda, Mallikarjuna N.; Dionysiou, Dionysios D.",Separation and Purification Technology,10.1016/j.seppur.2022.121106,https://linkinghub.elsevier.com/retrieve/pii/S1383586622006633
Cyanobacterial Harmful Algal Blooms in Aquatic Ecosystems: A Comprehensive Outlook on Current and Emerging Mitigation and Control Approaches,"Sukenik, Assaf; Kaplan, Aaron",Microorganisms,10.3390/microorganisms9071472,https://www.mdpi.com/2076-2607/9/7/1472
Challenges of managing harmful algal blooms in US drinking water systems,"Treuer, Galen; Kirchhoff, Christine; Lemos, Maria Carmen; McGrath, Francesca",Nature Sustainability,10.1038/s41893-021-00770-y,https://www.nature.com/articles/s41893-021-00770-y
Marine invertebrate interactions with Harmful Algal Blooms – Implications for One Health,"Turner, Andrew D.; Lewis, Adam M.; Bradley, Kirsty; Maskrey, Benjamin H.",Journal of Invertebrate Pathology,10.1016/j.jip.2021.107555,https://linkinghub.elsevier.com/retrieve/pii/S0022201121000227
"Nutrients, eutrophication and harmful algal blooms along the freshwater to marine continuum","Wurtsbaugh, Wayne A.; Paerl, Hans W.; Dodds, Walter K.",WIREs Water,10.1002/wat2.1373,https://wires.onlinelibrary.wiley.com/doi/10.1002/wat2.1373
Comparison of the Advantages and Disadvantages of Algae Removal Technology and Its Development Status,"Zeng, Guoming; Zhang, Rui; Liang, Dong; Wang, Fei; Han, Yongguang; Luo, Yang; Gao, Pei; Wang, Quanfeng; Wang, Qihui; Yu, Chunyi; Jin, Libo; Sun, Da",Water,10.3390/w15061104,https://www.mdpi.com/2073-4441/15/6/1104
Harmful cyanobacteria-diatom/dinoflagellate blooms and their cyanotoxins in freshwaters: A nonnegligible chronic health and ecological hazard,"Zhang, Yanyan; Whalen, Joann K.; Cai, Chen; Shan, Kun; Zhou, Hongxu",Water Research,10.1016/j.watres.2023.119807,https://linkinghub.elsevier.com/retrieve/pii/S0043135423002427
